<application>
  <component name="MaterialThemeConfig">
    <option name="compactMenus" value="true" />
    <option name="compactStatusBar" value="true" />
    <option name="compactTables" value="true" />
    <option name="customTreeIndentEnabled" value="true" />
    <option name="highContrast" value="true" />
    <option name="compactDropdowns" value="true" />
    <option name="compactSidebar" value="true" />
    <option name="isCompactMenus" value="true" />
    <option name="isCompactStatusBar" value="true" />
    <option name="isCompactTables" value="true" />
    <option name="isCustomTreeIndentEnabled" value="true" />
    <option name="isHighContrast" value="true" />
    <option name="isWizardShown" value="true" />
    <option name="pristineConfig" value="false" />
    <option name="useProjectFrame" value="true" />
    <option name="customSidebarHeight" value="20" />
    <option name="leftTreeIndent" value="2" />
    <option name="rightTreeIndent" value="2" />
    <option name="settingsSelectedTab" value="2" />
    <option name="tabsHeight" value="24" />
    <option name="accentColor" value="ffd866" />
    <option name="selectedTheme" value="MONOKAI" />
    <option name="userId" value="7555870f:177722680de:-8000" />
    <option name="version" value="5.5.0" />
  </component>
</application>